[{"model": "contenttypes.contenttype", "pk": 1, "fields": {"app_label": "admin", "model": "logentry"}}, {"model": "contenttypes.contenttype", "pk": 2, "fields": {"app_label": "auth", "model": "permission"}}, {"model": "contenttypes.contenttype", "pk": 3, "fields": {"app_label": "auth", "model": "group"}}, {"model": "contenttypes.contenttype", "pk": 4, "fields": {"app_label": "auth", "model": "user"}}, {"model": "contenttypes.contenttype", "pk": 5, "fields": {"app_label": "contenttypes", "model": "contenttype"}}, {"model": "contenttypes.contenttype", "pk": 6, "fields": {"app_label": "sessions", "model": "session"}}, {"model": "contenttypes.contenttype", "pk": 7, "fields": {"app_label": "miscellaneous", "model": "suggestions"}}, {"model": "contenttypes.contenttype", "pk": 8, "fields": {"app_label": "miscellaneous", "model": "tag"}}, {"model": "contenttypes.contenttype", "pk": 9, "fields": {"app_label": "miscellaneous", "model": "tool"}}, {"model": "contenttypes.contenttype", "pk": 10, "fields": {"app_label": "miscellaneous", "model": "comment"}}, {"model": "contenttypes.contenttype", "pk": 11, "fields": {"app_label": "miscellaneous", "model": "homepagemessage"}}, {"model": "miscellaneous.tag", "pk": 1, "fields": {"name": "Math"}}, {"model": "miscellaneous.tag", "pk": 5, "fields": {"name": "File"}}, {"model": "miscellaneous.tag", "pk": 6, "fields": {"name": "Number"}}, {"model": "miscellaneous.tag", "pk": 7, "fields": {"name": "Quadratic"}}, {"model": "miscellaneous.tag", "pk": 8, "fields": {"name": "Graph"}}, {"model": "miscellaneous.tag", "pk": 9, "fields": {"name": "Calculator"}}, {"model": "miscellaneous.tag", "pk": 10, "fields": {"name": "Fibonacci"}}, {"model": "miscellaneous.tag", "pk": 11, "fields": {"name": "Converter"}}, {"model": "miscellaneous.tag", "pk": 12, "fields": {"name": "Equation"}}, {"model": "miscellaneous.tag", "pk": 13, "fields": {"name": "Text"}}, {"model": "miscellaneous.tag", "pk": 14, "fields": {"name": "QR"}}, {"model": "miscellaneous.tag", "pk": 15, "fields": {"name": "Image"}}, {"model": "miscellaneous.tag", "pk": 16, "fields": {"name": "Video"}}, {"model": "miscellaneous.tag", "pk": 17, "fields": {"name": "Audio"}}, {"model": "miscellaneous.tag", "pk": 19, "fields": {"name": "Html"}}, {"model": "miscellaneous.tag", "pk": 20, "fields": {"name": "Document"}}, {"model": "miscellaneous.tag", "pk": 21, "fields": {"name": "Calculus"}}, {"model": "miscellaneous.tag", "pk": 22, "fields": {"name": "Datetime"}}, {"model": "miscellaneous.tool", "pk": 2, "fields": {"name": "Fibonacci", "url": "fibonacci", "description": "outputs the Fibonacci numbers up to the nth term", "category": "Maths", "visits": 280, "date_added": "2023-01-23T00:22:00Z", "hidden": false, "featured": false, "tags": [1, 10, 6]}}, {"model": "miscellaneous.tool", "pk": 3, "fields": {"name": "SUVAT Calculator", "url": "suvat", "description": "SOLVES SUVAT EQUATIONS, (2 versions server version and js version)", "category": "Maths", "visits": 245, "date_added": "2023-02-20T22:00:00Z", "hidden": false, "featured": false, "tags": [1, 6, 7]}}, {"model": "miscellaneous.tool", "pk": 4, "fields": {"name": "Quadratic Formula Calculator", "url": "quadratic_formula", "description": "Solves quadratic equations in different formats", "category": "Other", "visits": 221, "date_added": "2023-03-20T22:00:00Z", "hidden": false, "featured": false, "tags": [1, 6, 7]}}, {"model": "miscellaneous.tool", "pk": 5, "fields": {"name": "Straight Line equation", "url": "2point", "description": "finds equation of STRAIGHT line between two points", "category": "Other", "visits": 344, "date_added": "2022-12-19T22:00:00Z", "hidden": false, "featured": false, "tags": [8, 1, 12, 6]}}, {"model": "miscellaneous.tool", "pk": 6, "fields": {"name": "Midpoint Calculator", "url": "midpoint", "description": "Finds the (x,y) of the mid point of a straight line between two points", "category": "Other", "visits": 199, "date_added": "2022-12-22T22:00:00Z", "hidden": false, "featured": false, "tags": [8, 1, 6]}}, {"model": "miscellaneous.tool", "pk": 7, "fields": {"name": "Binary To Decimal", "url": "bintodec", "description": "Converts Binary numbers (base 2) into Decimal numbers (base 10)", "category": "Other", "visits": 236, "date_added": "2022-11-28T22:00:00Z", "hidden": false, "featured": false, "tags": [1, 9]}}, {"model": "miscellaneous.tool", "pk": 8, "fields": {"name": "Decimal to Binary", "url": "dectobin", "description": "Converts Decimal numbers (base 10) into Binary numbers (base 2)", "category": "Converters", "visits": 210, "date_added": "2022-12-16T22:00:00Z", "hidden": false, "featured": false, "tags": [1, 11, 6]}}, {"model": "miscellaneous.tool", "pk": 9, "fields": {"name": "Binary To Hexadecimal", "url": "bintohex", "description": "converts binary (base 2) into Hexadecimal (base 16)", "category": "Other", "visits": 250, "date_added": "2022-12-12T22:00:00Z", "hidden": false, "featured": false, "tags": [1, 11, 6]}}, {"model": "miscellaneous.tool", "pk": 10, "fields": {"name": "Heron's Formula", "url": "herons_formula", "description": "This tool calculates the area of a triangle based on the length its three sides using Herons Formula", "category": "Maths", "visits": 244, "date_added": "2022-12-20T22:00:00Z", "hidden": false, "featured": false, "tags": [1, 6]}}, {"model": "miscellaneous.tool", "pk": 12, "fields": {"name": "Word Counter", "url": "word_counter", "description": "Very primitive word counter written in javascript (it only counts spaces)", "category": "Other", "visits": 200, "date_added": "2023-05-24T22:00:00Z", "hidden": false, "featured": false, "tags": [13]}}, {"model": "miscellaneous.tool", "pk": 13, "fields": {"name": "Text to QR code", "url": "qr_code", "description": "This tool converts inputted text into a qrcode using the qrcode python library", "category": "Other", "visits": 238, "date_added": "2023-06-06T22:00:00Z", "hidden": false, "featured": false, "tags": [13, 14]}}, {"model": "miscellaneous.tool", "pk": 14, "fields": {"name": "Zeckendorf", "url": "zeckendorf", "description": "Converts any positive integer (Natural number) into its zeckendorf representation", "category": "Other", "visits": 226, "date_added": "2023-01-16T22:00:00Z", "hidden": false, "featured": false, "tags": [1, 10, 11, 6]}}, {"model": "miscellaneous.tool", "pk": 15, "fields": {"name": "Simultaneous equation", "url": "simultaneous", "description": "Can solve the simultaneous equations for two variables in the form ax+by=c", "category": "Other", "visits": 29, "date_added": "2023-07-04T22:00:00Z", "hidden": true, "featured": false, "tags": [1, 12, 6, 9]}}, {"model": "miscellaneous.tool", "pk": 16, "fields": {"name": "Html Viewer", "url": "html_viewer", "description": "Html viewer", "category": "Other", "visits": 312, "date_added": "2023-03-20T22:00:00Z", "hidden": false, "featured": false, "tags": [13]}}, {"model": "miscellaneous.tool", "pk": 17, "fields": {"name": "Text to Binary", "url": "texttobin", "description": "Converts text into their ascii binary values", "category": "Other", "visits": 181, "date_added": "2023-01-27T22:00:00Z", "hidden": false, "featured": false, "tags": [11, 13, 6]}}, {"model": "miscellaneous.tool", "pk": 18, "fields": {"name": "Binary to Text", "url": "bintotext", "description": "Converts ascii binary values into text", "category": "Other", "visits": 218, "date_added": "2023-01-27T22:01:00Z", "hidden": false, "featured": false, "tags": [11, 13, 6]}}, {"model": "miscellaneous.tool", "pk": 19, "fields": {"name": "Integer to text", "url": "integertotext", "description": "It converts integer numbers into their text representatives", "category": "Other", "visits": 211, "date_added": "2023-05-24T22:00:00Z", "hidden": false, "featured": false, "tags": [11, 13, 6]}}, {"model": "miscellaneous.tool", "pk": 20, "fields": {"name": "Video downloader", "url": "video_extract", "description": "Extracts videos from websites that use <video> tags", "category": "Other", "visits": 139, "date_added": "2023-07-12T13:00:00Z", "hidden": false, "featured": false, "tags": [5, 13]}}, {"model": "miscellaneous.tool", "pk": 22, "fields": {"name": "CSV <-> TSV", "url": "csv_tsv/", "description": "Converts csv to tsv and vice versa", "category": "Other", "visits": 0, "date_added": "2023-09-28T10:54:58Z", "hidden": false, "featured": false, "tags": [11, 5]}}, {"model": "miscellaneous.tool", "pk": 23, "fields": {"name": "Image <-> base64", "url": "image_b64/", "description": "Converts an image into a base64 string and vice versa", "category": "Programming", "visits": 0, "date_added": "2023-09-28T10:53:43Z", "hidden": false, "featured": false, "tags": [11, 13, 15]}}, {"model": "miscellaneous.tool", "pk": 24, "fields": {"name": "YT to MP3/MP4", "url": "yt_converter/", "description": "Enables you to download, youtube videos in mp3 or mp4 format. Takes a while to load.", "category": "Other", "visits": 300, "date_added": "2023-10-02T18:40:10Z", "hidden": true, "featured": false, "tags": [16, 17, 11]}}, {"model": "miscellaneous.tool", "pk": 25, "fields": {"name": "OCR", "url": "ocr/", "description": "Using the tesseract OCR engine, this tool extracts text from images", "category": "Other", "visits": 0, "date_added": "2023-09-28T18:40:54Z", "hidden": false, "featured": true, "tags": [11, 13, 15]}}, {"model": "miscellaneous.tool", "pk": 26, "fields": {"name": "CSS inliner", "url": "css_to_inline/", "description": "Inlines any css in style tags", "category": "Programming", "visits": 0, "date_added": "2023-10-31T07:02:45Z", "hidden": true, "featured": false, "tags": [19]}}, {"model": "miscellaneous.tool", "pk": 27, "fields": {"name": "MP4 to MP3 converter", "url": "mp4_mp3", "description": "Extracts audio from a mp4 file as an mp3 file", "category": "File Converters", "visits": 114, "date_added": "2023-11-13T19:52:38Z", "hidden": false, "featured": false, "tags": [16, 17, 11, 5]}}, {"model": "miscellaneous.tool", "pk": 28, "fields": {"name": "Graph Maker", "url": "plot", "description": "This tool creates graphs from csv files", "category": "Other", "visits": 126, "date_added": "2023-12-24T18:14:30Z", "hidden": false, "featured": false, "tags": [8, 15]}}, {"model": "miscellaneous.tool", "pk": 29, "fields": {"name": "PDF merger", "url": "pdf_merger/", "description": "Merges PDF files together resulting in one pdf file", "category": "File Converters", "visits": 0, "date_added": "2024-01-15T16:51:33Z", "hidden": false, "featured": true, "tags": [20, 5]}}, {"model": "miscellaneous.tool", "pk": 30, "fields": {"name": "PDF to Image", "url": "pdf_image/", "description": "Converts every page in a pdf into an image, outputs zip file of images", "category": "File Converters", "visits": 0, "date_added": "2024-01-22T22:28:59Z", "hidden": false, "featured": false, "tags": [11, 20, 5]}}, {"model": "miscellaneous.tool", "pk": 31, "fields": {"name": "Integral Calculator", "url": "integral/", "description": "Can evaluate indefinite integrals and solve definte integrals.", "category": "Maths", "visits": 0, "date_added": "2024-03-18T11:10:34Z", "hidden": false, "featured": false, "tags": [1, 6, 9, 21]}}, {"model": "miscellaneous.tool", "pk": 32, "fields": {"name": "Calculator", "url": "calculator/", "description": "Can do simple arithmetic and trig equations", "category": "Maths", "visits": 0, "date_added": "2024-03-18T11:14:14Z", "hidden": false, "featured": false, "tags": [1, 6, 9]}}, {"model": "miscellaneous.tool", "pk": 33, "fields": {"name": "Derivative Calculator", "url": "derivative/", "description": "Differentiates a range of functions using the sympy library", "category": "Other", "visits": 0, "date_added": "2024-03-22T12:20:57Z", "hidden": false, "featured": false, "tags": [1, 21, 6, 9]}}, {"model": "miscellaneous.tool", "pk": 34, "fields": {"name": "Unix-Time tools", "url": "time_tools/", "description": "A set of tools for converting between datetime and unix time, along with a bonus unix to discord formatter", "category": "Converters", "visits": 0, "date_added": "2024-03-30T20:32:19Z", "hidden": false, "featured": false, "tags": [11, 22]}}, {"model": "miscellaneous.tool", "pk": 35, "fields": {"name": "PDF rotator", "url": "pdf_rotate/", "description": "Rotates every page in a pdf by 90n degrees", "category": "Other", "visits": 0, "date_added": "2024-04-18T10:49:31Z", "hidden": false, "featured": false, "tags": [20, 5]}}, {"model": "miscellaneous.comment", "pk": 1, "fields": {"commenter_name": "john", "date_sent": "2023-10-30T12:07:49.909Z", "comment": "very good very nice", "comment_type": "General Comment"}}, {"model": "miscellaneous.comment", "pk": 2, "fields": {"commenter_name": "dave ", "date_sent": "2023-10-30T12:48:42.412Z", "comment": "WOW VERY GOODNICEWOW", "comment_type": "General Comment"}}, {"model": "miscellaneous.comment", "pk": 3, "fields": {"commenter_name": "Omar", "date_sent": "2023-10-30T14:37:25.806Z", "comment": "very helpful.", "comment_type": "General Comment"}}, {"model": "miscellaneous.comment", "pk": 4, "fields": {"commenter_name": "Talhah", "date_sent": "2023-10-31T03:09:22.939Z", "comment": "Very helpful", "comment_type": "General Comment"}}, {"model": "miscellaneous.comment", "pk": 5, "fields": {"commenter_name": "ABdulrahman", "date_sent": "2023-10-31T16:06:09.584Z", "comment": "I love this website", "comment_type": "General Comment"}}, {"model": "miscellaneous.comment", "pk": 6, "fields": {"commenter_name": "nitlix", "date_sent": "2023-11-07T22:33:43.199Z", "comment": "insane website 😎", "comment_type": "General Comment"}}, {"model": "miscellaneous.comment", "pk": 10, "fields": {"commenter_name": "AMAL (Site Manager)", "date_sent": "2023-11-10T13:08:42.911Z", "comment": "Some comments will be deleted", "comment_type": "Other"}}, {"model": "miscellaneous.comment", "pk": 11, "fields": {"commenter_name": "Mr Anonymous", "date_sent": "2023-12-01T09:55:38.576Z", "comment": "hehehehaw", "comment_type": "General Comment"}}, {"model": "miscellaneous.comment", "pk": 12, "fields": {"commenter_name": "noobishply", "date_sent": "2023-12-05T14:22:54.565Z", "comment": "Yo, ima be honest: This YT to MP3/MP4 tool is hella useful. I've been using it for a bit and it's a lot more reliable than other websites.", "comment_type": "General Comment"}}, {"model": "miscellaneous.comment", "pk": 13, "fields": {"commenter_name": "Divjot", "date_sent": "2023-12-14T11:14:59.401Z", "comment": "amazing website", "comment_type": "General Comment"}}, {"model": "miscellaneous.comment", "pk": 14, "fields": {"commenter_name": "Divjot", "date_sent": "2023-12-14T11:14:59.599Z", "comment": "amazing website", "comment_type": "General Comment"}}, {"model": "miscellaneous.comment", "pk": 15, "fields": {"commenter_name": "Ibraheem ", "date_sent": "2023-12-16T12:44:12.207Z", "comment": "This is a website amongst websites.", "comment_type": "General Comment"}}, {"model": "miscellaneous.comment", "pk": 21, "fields": {"commenter_name": "ADMIN", "date_sent": "2023-12-18T14:29:08Z", "comment": "Comments have been disabled", "comment_type": "General Comment"}}, {"model": "miscellaneous.homepagemessage", "pk": 2, "fields": {"message": "Thank you for visiting. If you want to suggest any tools, don't hesitate to email me at <a href=\"mailto:amaltools2022@gmail.com\">amaltools2022@gmail.com</a>", "date_added": "2024-06-24T19:49:23Z"}}, {"model": "miscellaneous.homepagemessage", "pk": 3, "fields": {"message": "YT to mp3/mp4 tool is down for the time being. Please remain patient while I look for a fix", "date_added": "2024-06-25T15:19:51Z"}}, {"model": "miscellaneous.homepagemessage", "pk": 4, "fields": {"message": "AMALTools.com will be shutting down in the next few days. It's been an amazing journey and I couldn't do it with you guys. <a href=\"https://www.youtube.com/@AMALWorks24\"> Subscribe to amalworks yt channel</a> or follow the amalworks instagram for updates on any future projects. Thank you guys!", "date_added": "2024-07-18T03:46:23Z"}}]